Model,RMSFE,Relative to RW
ADL(flat),0.9510650719603946,0.44921069057781665
FAR(CFNAI),1.801609154762642,0.8509429232786975
AR,1.8844194726569061,0.8900562091988432
FADL(J_M=1),2.1135980903934666,0.9983027300461538
RW,2.1171915359740128,1.0
FAR(J_M=1),2.260904168995348,1.0678789002220437
ADL-MIDAS(J_D=2),3.240017908893844,1.5303376448665404
"FADL-MIDAS(J_M=1,J_D=2)",3.6526661329132937,1.7252412315321706
FADL-MIDAS,3.7317306604401455,1.7625852914263447
